Symbol,Date,Open,High,Low,Adj Close,Volume
AAPL,02/06/2015,129.86,130.66,129.32001,129.96001,33556900
AAPL,01/06/2015,130.28,131.39,130.05,130.53999,31956000
AAPL,29/05/2015,131.23,131.45,129.89999,130.28,50338200
AAPL,28/05/2015,131.86,131.95,131.10001,131.78,30647300
AAPL,27/05/2015,130.34,132.25999,130.05,132.03999,45662800
AAPL,26/05/2015,132.60001,132.91,129.12,129.62,70193700
AAPL,22/05/2015,131.60001,132.97,131.39999,132.53999,45123800
AAPL,21/05/2015,130.07001,131.63,129.83,131.39,39307500
AAPL,20/05/2015,130.0,130.98,129.34,130.06,35965000
AAPL,19/05/2015,130.69,130.88,129.64,130.07001,44351200
AAPL,18/05/2015,128.38,130.72,128.36,130.19,50176600
AAPL,15/05/2015,129.07001,129.49001,128.21001,128.77,37921200
AAPL,14/05/2015,127.41,128.95,127.16,128.95,44487500
AAPL,13/05/2015,126.15,127.19,125.87,126.01,34322000
AAPL,12/05/2015,125.6,126.88,124.82,125.87,47109200
AAPL,11/05/2015,127.39,127.56,125.63,126.32,42035800
AAPL,08/05/2015,126.68,127.62,126.11,127.62,55550400
AAPL,07/05/2015,124.77,126.08,124.02,125.26,43940900
AAPL,06/05/2015,126.56,126.75,123.36,124.49,72141000
AAPL,05/05/2015,128.14999,128.45,125.78,125.27671000000001,49271400
AAPL,04/05/2015,129.5,130.57001,128.25999,128.16464,50988300
AAPL,01/05/2015,126.1,130.13,125.3,128.41361,58512600
AAPL,30/04/2015,128.64,128.64,124.58,124.62942,83195400
AAPL,29/04/2015,130.16,131.59,128.3,128.1049,63386100
AAPL,28/04/2015,134.46001,134.53999,129.57001,130.01691,118924000
AAPL,27/04/2015,132.31,133.13,131.14999,132.09821000000002,96954200
AAPL,24/04/2015,130.49001,130.63,129.23,129.73807,44525900
AAPL,23/04/2015,128.3,130.42,128.14,129.13061000000002,45770900
AAPL,22/04/2015,126.99,128.87,126.32,128.08498,37654500
AAPL,21/04/2015,128.10001,128.2,126.67,126.3821,32435100
AAPL,20/04/2015,125.57,128.12,125.17,127.06922,47054300
AAPL,17/04/2015,125.55,126.14,124.46,124.23108,51957000
AAPL,16/04/2015,126.28,127.1,126.11,125.64517,28369000
AAPL,15/04/2015,126.41,127.13,126.01,126.25263000000001,28970400
AAPL,14/04/2015,127.0,127.29,125.91,125.77463,25524600
AAPL,13/04/2015,128.37,128.57001,126.61,126.32234,36365100
AAPL,10/04/2015,125.95,127.21,125.26,126.5713,40188000
AAPL,09/04/2015,125.85,126.58,124.66,126.03355,32484000
AAPL,08/04/2015,125.85,126.4,124.97,125.07753999999998,37329200
AAPL,07/04/2015,127.64,128.12,125.98,125.48584,35012300
AAPL,06/04/2015,124.47,127.51,124.33,126.82026,37194000
AAPL,02/04/2015,125.03,125.56,124.19,124.79871000000001,32220100
AAPL,01/04/2015,124.82,125.12,123.1,123.73316000000001,40621400
AAPL,31/03/2015,126.09,126.49,124.36,123.91241000000001,42090600
AAPL,30/03/2015,124.05,126.4,124.0,125.84433999999999,47099700
AAPL,27/03/2015,124.57,124.7,122.91,122.73732,39546200
AAPL,26/03/2015,122.76,124.88,122.6,123.7232,47572900
AAPL,25/03/2015,126.54,126.82,123.38,122.86676999999999,51655200
AAPL,24/03/2015,127.23,128.03999,126.56,126.16301000000001,32842300
AAPL,23/03/2015,127.12,127.85,126.52,126.68085,37709700
AAPL,20/03/2015,128.25,128.39999,125.16,125.3763,68695100
AAPL,19/03/2015,128.75,129.25,127.4,126.96963999999998,45809500
AAPL,18/03/2015,127.0,129.16,126.37,127.93561000000001,65270900
AAPL,17/03/2015,125.9,127.32,125.65,126.51155,51023100
AAPL,16/03/2015,123.88,124.95,122.87,124.43024,35874300
AAPL,13/03/2015,124.4,125.4,122.58,123.0759,51827300
AAPL,12/03/2015,122.31,124.9,121.63,123.93231999999999,48362700
AAPL,11/03/2015,124.75,124.77,122.11,121.73151999999999,68939000
AAPL,10/03/2015,126.41,127.22,123.8,123.99208,68856600
AAPL,09/03/2015,127.96,129.57001,125.06,126.61113999999999,88528500
AAPL,06/03/2015,128.39999,129.37,126.26,126.07338,72842100
AAPL,05/03/2015,128.58,128.75,125.76,125.88418,56517100
AAPL,04/03/2015,129.10001,129.56,128.32001,128.00531,31666300
AAPL,03/03/2015,128.96001,129.52,128.09,128.8219,37816300
AAPL,02/03/2015,129.25,130.28,128.3,128.55302,48096700
AAPL,27/02/2015,130.0,130.57001,128.24001,127.92565,62014800
AAPL,26/02/2015,128.78999,130.87,126.61,129.87749,91287500
AAPL,25/02/2015,131.56,131.60001,128.14999,128.25427,74711700
AAPL,24/02/2015,132.94,133.60001,131.17,131.62021000000001,69228100
AAPL,23/02/2015,130.02,133.0,129.66,132.44676,70974100
AAPL,20/02/2015,128.62,129.5,128.05,128.96132,48948400
AAPL,19/02/2015,128.48,129.03,128.33,127.91568000000001,37362400
AAPL,18/02/2015,127.63,128.78,127.45,128.18457,44891700
AAPL,17/02/2015,127.49,128.88,126.92,127.29827,63152400
AAPL,13/02/2015,127.28,127.28,125.65,126.55138999999998,54272200
AAPL,12/02/2015,126.06,127.48,125.57,125.93396000000001,74474500
AAPL,11/02/2015,122.77,124.92,122.5,124.36053999999999,73561800
AAPL,10/02/2015,120.17,122.15,120.16,121.51243000000001,62008500
AAPL,09/02/2015,118.55,119.84,118.43,119.22200000000001,38889800
AAPL,06/02/2015,120.02,120.25,118.45,118.43529,43372000
AAPL,05/02/2015,120.02,120.23,119.25,119.44108999999999,42246200
AAPL,04/02/2015,118.5,120.51,118.31,118.59461999999999,70149700
AAPL,03/02/2015,118.5,119.09,117.61,117.69197,51915700
AAPL,02/02/2015,118.05,119.17,116.08,117.67213000000001,62739100
AAPL,30/01/2015,118.4,120.0,116.85,116.21401000000002,83745500
AAPL,29/01/2015,116.32,119.19,115.56,117.93996000000001,84436400
AAPL,28/01/2015,117.63,118.12,115.31,114.37893999999999,146477100
AAPL,27/01/2015,112.42,112.48,109.03,108.25876000000001,95568700
AAPL,26/01/2015,113.74,114.36,112.8,112.18678,55615000
AAPL,23/01/2015,112.3,113.75,111.53,112.06776,46464800
AAPL,22/01/2015,110.26,112.47,109.72,111.49243999999999,53796400
AAPL,21/01/2015,108.95,111.06,108.27,108.66545,48575900
AAPL,20/01/2015,107.84,108.97,106.5,107.84215,49899900
AAPL,16/01/2015,107.03,107.58,105.2,105.13418999999999,78513300
AAPL,15/01/2015,110.0,110.06,106.66,105.95748999999999,60014000
AAPL,14/01/2015,109.04,110.49,108.5,108.91343,48956600
AAPL,13/01/2015,111.43,112.8,108.91,109.33004,67091900
AAPL,12/01/2015,112.6,112.63,108.8,108.36787,49650800
AAPL,09/01/2015,112.67,113.25,110.21,111.10558999999999,53699500
AAPL,08/01/2015,109.23,112.15,108.7,110.98655,59364500
AAPL,07/01/2015,107.2,108.2,106.7,106.87998,40105900
AAPL,06/01/2015,106.54,107.43,104.63,105.40202,65797100
AAPL,05/01/2015,108.29,108.65,105.41,105.39209,64285500
AAPL,02/01/2015,111.39,111.44,107.35,108.44723,53204600
AAPL,31/12/2014,112.82,113.13,110.21,109.48873999999999,41403400
AAPL,30/12/2014,113.64,113.92,112.11,111.61146000000001,29881500
ALTR,02/06/2015,51.64,51.79,51.54,51.7,19846300
ALTR,01/06/2015,51.89,51.91,51.56,51.68,74323000
ALTR,29/05/2015,49.77,50.1,48.44,48.85,21246600
ALTR,28/05/2015,47.57,47.57,46.58,46.97,5182800
ALTR,27/05/2015,46.92,49.52,46.69,47.86,6466400
ALTR,26/05/2015,47.15,47.24,46.57,46.74,2731700
ALTR,22/05/2015,47.01,47.69,46.9,47.37,2443900
ALTR,21/05/2015,46.57,47.36,46.4,47.04,2761700
ALTR,20/05/2015,46.87,47.28,46.65,46.67,4356400
ALTR,19/05/2015,47.02,47.38,46.6,46.85,5634000
ALTR,18/05/2015,46.95,47.9,46.5,46.93,8730800
ALTR,15/05/2015,44.15,44.79,43.84,44.42,3981400
ALTR,14/05/2015,44.21,44.4,43.53,44.31,3513200
ALTR,13/05/2015,43.94,44.45,43.47,43.83,3171000
ALTR,12/05/2015,44.07,44.88,43.4,44.01,4803500
ALTR,11/05/2015,44.39,44.71,43.94,44.28,2348400
ALTR,08/05/2015,44.32,45.0,44.27,44.46,3627200
ALTR,07/05/2015,44.13,45.17,44.04,44.6,4499000
ALTR,06/05/2015,44.64,45.14,43.75,44.0,3829800
ALTR,05/05/2015,44.71,45.04,44.33,44.42825,4078800
ALTR,04/05/2015,44.67,45.23,44.21,44.83658,5471400
ALTR,01/05/2015,44.07,46.5,44.04,45.57356,16283800
ALTR,30/04/2015,40.49,42.06,40.47,41.51019,7004600
ALTR,29/04/2015,39.96,40.84,39.42,40.5541,5627100
ALTR,28/04/2015,40.09,40.55,39.81,39.98642,4810300
ALTR,27/04/2015,40.65,42.0,39.73,40.09597,8911700
ALTR,24/04/2015,42.3,42.3,40.49,40.7234,15006800
ALTR,23/04/2015,42.38,42.69,41.73,41.91852,9196000
ALTR,22/04/2015,42.87,43.17,42.4,42.6057,4690500
ALTR,21/04/2015,43.37,43.85,42.95,43.063829999999996,4171000
ALTR,20/04/2015,44.08,44.14,42.78,42.984159999999996,6425800
ALTR,17/04/2015,42.95,44.2,42.81,43.84065,6817700
ALTR,16/04/2015,43.4,43.99,43.08,43.17338,5098700
ALTR,15/04/2015,42.74,43.83,42.3,43.2431,6566500
ALTR,14/04/2015,44.43,44.51,42.4,42.37664,10239200
ALTR,13/04/2015,44.12,45.36,43.3,43.681309999999996,8825800
ALTR,10/04/2015,43.21,45.38,42.85,44.33862,16551000
ALTR,09/04/2015,38.94,44.18,38.67,43.15347,37429800
ALTR,08/04/2015,41.35,42.06,41.07,41.82888,4397000
ALTR,07/04/2015,41.15,42.16,40.45,41.19149,7683000
ALTR,06/04/2015,42.61,42.61,40.7,41.0421,9111500
ALTR,02/04/2015,42.51,43.47,42.45,42.9244,7023000
ALTR,01/04/2015,42.49,42.75,42.2,42.23721,6930900
ALTR,31/03/2015,42.58,43.18,42.4,42.73518,9001300
ALTR,30/03/2015,43.82,44.0,40.75,42.645540000000004,35497800
ALTR,27/03/2015,34.73,45.0,34.48,44.209140000000005,14189000
ALTR,26/03/2015,34.27,34.75,33.95,34.43912,2924500
ALTR,25/03/2015,35.78,35.84,34.69,34.5885,2983100
ALTR,24/03/2015,36.42,36.46,35.73,35.62427,2068600
ALTR,23/03/2015,36.86,36.9,36.37,36.24174,2906800
ALTR,20/03/2015,36.9,37.0,36.56,36.799459999999996,3850600
ALTR,19/03/2015,36.06,36.69,36.0,36.45088,3131700
ALTR,18/03/2015,35.43,36.26,35.28,36.04255,2474700
ALTR,17/03/2015,35.55,35.6,35.22,35.37528,1111900
ALTR,16/03/2015,35.33,35.74,35.21,35.57447,1160000
ALTR,13/03/2015,34.86,35.12,34.74,34.917159999999996,1447100
ALTR,12/03/2015,34.86,35.08,34.64,34.79765,2481100
ALTR,11/03/2015,35.19,35.42,34.99,34.86736,1165300
ALTR,10/03/2015,35.48,35.61,35.11,34.96695,1875000
ALTR,09/03/2015,35.78,35.98,35.67,35.70394,1228000
ALTR,06/03/2015,35.94,36.11,35.39,35.63422,2726400
ALTR,05/03/2015,36.32,36.54,35.85,35.87325,2660000
ALTR,04/03/2015,36.46,36.8,36.04,36.16207,1691300
ALTR,03/03/2015,37.35,37.45,36.5,36.40109,2078500
ALTR,02/03/2015,36.8,37.6,36.46,37.38705,3140700
ALTR,27/02/2015,36.72,37.14,36.72,36.85921,2353700
ALTR,26/02/2015,36.83,36.83,36.36,36.4708,1501800
ALTR,25/02/2015,36.81,36.81,36.45,36.5704,1335900
ALTR,24/02/2015,35.92,36.82,35.71,36.65007,2719800
ALTR,23/02/2015,36.08,36.15,35.69,35.763690000000004,1035800
ALTR,20/02/2015,35.76,36.16,35.57,35.99276,1982000
ALTR,19/02/2015,35.76,35.87,35.32,35.64418,1966100
ALTR,18/02/2015,36.04,36.09,35.72,35.654140000000005,3478100
ALTR,17/02/2015,35.67,36.25,35.42,36.09235,2717400
ALTR,13/02/2015,35.3,35.74,35.19,35.51471,2690900
ALTR,12/02/2015,34.45,35.21,34.31,35.06655,2969500
ALTR,11/02/2015,34.37,34.44,34.13,34.16025,1649400
ALTR,10/02/2015,33.98,34.37,33.77,34.20009,2001900
ALTR,09/02/2015,34.05,34.1,33.65,33.62245,1948200
ALTR,06/02/2015,33.6,34.38,33.57,33.99095,5328100
ALTR,05/02/2015,33.83,33.97,33.57,33.5627,1727800
ALTR,04/02/2015,33.88,34.11,33.63,33.50326,1587000
ALTR,03/02/2015,33.55,34.19,33.47,33.741009999999996,2010400
ALTR,02/02/2015,33.0,33.61,32.67,33.14663,3369300
ALTR,30/01/2015,33.15,33.53,32.88,32.61169,3657100
ALTR,29/01/2015,33.21,33.78,32.92,33.18626,2826000
ALTR,28/01/2015,33.97,34.18,33.18,32.87916,4871600
ALTR,27/01/2015,33.7,34.22,33.58,33.28532,6374700
ALTR,26/01/2015,34.26,34.3,33.91,33.68158,6090600
ALTR,23/01/2015,34.15,34.78,33.9,33.93914,8916200
ALTR,22/01/2015,33.78,35.37,33.78,34.86043,7650900
ALTR,21/01/2015,33.36,34.95,33.26,34.404740000000004,3397200
ALTR,20/01/2015,34.95,35.18,34.72,34.6623,1932500
ALTR,16/01/2015,33.9,34.92,33.86,34.513709999999996,4031300
ALTR,15/01/2015,34.17,34.56,33.97,33.66176,3912200
ALTR,14/01/2015,35.34,35.54,34.0,33.85989,10302600
ALTR,13/01/2015,36.35,36.65,35.19,35.18734,3667900
ALTR,12/01/2015,37.05,37.46,35.97,35.79163,3122700
ALTR,09/01/2015,37.04,37.49,36.84,36.61385,2233500
ALTR,08/01/2015,36.3,37.14,36.3,36.6832,2614100
ALTR,07/01/2015,36.26,36.57,35.98,35.83125,3170400
ALTR,06/01/2015,36.81,36.91,36.13,35.82135,2606800
ALTR,05/01/2015,37.01,37.13,36.7,36.38601,2290300
ALTR,02/01/2015,37.12,37.49,36.77,36.75254,1937500
ALTR,31/12/2014,37.57,37.72,36.94,36.59404,1589500
ALTR,30/12/2014,37.53,37.7,37.32,37.02001,1284500
GOOG,02/06/2015,532.9299900000001,543.0,531.33002,539.1799900000001,1934700
GOOG,01/06/2015,536.78998,536.78998,529.76001,533.98999,1899600
GOOG,29/05/2015,537.37,538.63,531.4500099999999,532.10999,2584900
GOOG,28/05/2015,538.01001,540.60999,536.25,539.78003,1027900
GOOG,27/05/2015,532.7999900000001,540.5499900000001,531.71002,539.78998,1520400
GOOG,26/05/2015,538.12,539.0,529.88,532.3200099999999,2403400
GOOG,22/05/2015,540.15002,544.19,539.51001,540.10999,1173300
GOOG,21/05/2015,537.9500099999999,543.84003,535.97998,542.51001,1461400
GOOG,20/05/2015,538.48999,542.91998,532.97198,539.27002,1429100
GOOG,19/05/2015,533.97998,540.65997,533.03998,537.35999,1963300
GOOG,18/05/2015,532.01001,534.8200099999999,528.84998,532.2999900000001,1998600
GOOG,15/05/2015,539.1799900000001,539.27399,530.38,533.84998,1962700
GOOG,14/05/2015,533.77002,539.0,532.40997,538.40002,1399100
GOOG,13/05/2015,530.56,534.3220200000001,528.65503,529.62,1252300
GOOG,12/05/2015,531.59998,533.20898,525.26001,529.03998,1625400
GOOG,11/05/2015,538.37,541.97998,535.40002,535.7000099999999,905300
GOOG,08/05/2015,536.65002,541.15002,525.0,538.21997,1527600
GOOG,07/05/2015,523.98999,533.46002,521.75,530.7000099999999,1546300
GOOG,06/05/2015,531.23999,532.38,521.08502,524.21997,1567000
GOOG,05/05/2015,538.21002,539.73999,530.39099,530.7999900000001,1383100
GOOG,04/05/2015,538.53003,544.0700099999999,535.06,540.78003,1308000
GOOG,01/05/2015,538.4299900000001,539.53998,532.09998,537.90002,1768200
GOOG,30/04/2015,547.87,548.59003,535.0499900000001,537.34003,2082200
GOOG,29/04/2015,550.46997,553.6799900000001,546.90503,549.08002,1698800
GOOG,28/04/2015,554.64001,556.02002,550.36603,553.6799900000001,1491000
GOOG,27/04/2015,563.39001,565.9500099999999,553.2000099999999,555.37,2398000
GOOG,24/04/2015,566.10252,571.14259,557.2525099999999,565.06256,4932500
GOOG,23/04/2015,541.0024400000001,550.96249,540.23244,547.00247,4184900
GOOG,22/04/2015,534.40243,541.08249,531.7524,539.3674599999999,1593600
GOOG,21/04/2015,537.5124599999999,539.39243,533.67741,533.97241,1844800
GOOG,20/04/2015,525.60235,536.0924200000001,524.50235,535.3824099999999,1679300
GOOG,17/04/2015,528.66238,529.84243,521.01237,524.0523900000001,2144100
GOOG,16/04/2015,529.9024099999999,535.59246,529.61237,533.8023900000001,1299900
GOOG,15/04/2015,528.70241,534.73243,523.22235,532.53243,2318800
GOOG,14/04/2015,536.2524099999999,537.57244,528.09435,530.3924,2604100
GOOG,13/04/2015,538.4123900000001,544.06246,537.31245,539.1724,1645300
GOOG,10/04/2015,542.29241,542.29241,537.31245,540.01248,1409500
GOOG,09/04/2015,541.03249,541.95249,535.49239,540.78247,1557900
GOOG,08/04/2015,538.3824599999999,543.85241,538.3824599999999,541.61245,1178500
GOOG,07/04/2015,538.08244,542.69243,536.00239,537.02247,1302900
GOOG,06/04/2015,532.2223700000001,538.4123900000001,529.57241,536.76743,1324400
GOOG,02/04/2015,540.85243,540.85243,533.8494,535.53248,1716400
GOOG,01/04/2015,548.60244,551.1424900000001,539.50247,542.56244,1963100
GOOG,31/03/2015,550.0024599999999,554.71252,546.72247,548.00247,1588000
GOOG,30/03/2015,551.6225,553.47249,548.17249,552.0325,1287500
GOOG,27/03/2015,553.0025099999999,555.28257,548.1324599999999,548.34251,1897500
GOOG,26/03/2015,557.59255,558.90254,550.6525,555.17252,1572600
GOOG,25/03/2015,570.50259,572.2626,558.7424900000001,558.78748,2152300
GOOG,24/03/2015,562.56254,574.5926,561.2125900000001,570.1926,2583300
GOOG,23/03/2015,560.43255,562.36253,555.83254,558.81251,1643800
GOOG,20/03/2015,561.65257,561.72253,559.05255,560.3625400000001,2616900
GOOG,19/03/2015,559.39253,560.8025299999999,556.14755,557.9925099999999,1197300
GOOG,18/03/2015,552.50248,559.7825799999999,547.00247,559.5025099999999,2134500
GOOG,17/03/2015,551.71253,553.80249,548.00247,550.84253,1805500
GOOG,16/03/2015,550.95251,556.85248,546.00248,554.5125099999999,1641000
GOOG,13/03/2015,553.5025400000001,558.40257,544.22245,547.3225,1703600
GOOG,12/03/2015,553.5125099999999,556.37253,550.46252,555.5125099999999,1389600
GOOG,11/03/2015,555.14253,558.14252,550.68249,551.18251,1820800
GOOG,10/03/2015,564.2525400000001,564.8525099999999,554.73247,555.0125400000001,1792300
GOOG,09/03/2015,566.8625400000001,570.27259,563.5375,568.8525599999999,1062100
GOOG,06/03/2015,574.88258,576.68262,566.7626,567.68756,1659100
GOOG,05/03/2015,575.0226200000001,577.9126200000001,573.41255,575.3326099999999,1389600
GOOG,04/03/2015,571.8725599999999,577.11258,568.01261,573.37258,1876800
GOOG,03/03/2015,570.45259,575.39265,566.52256,573.64261,1704800
GOOG,02/03/2015,560.53256,572.1526200000001,558.75253,571.3426,2129600
GOOG,27/02/2015,554.24248,564.7126,552.9025,558.40257,2410200
GOOG,26/02/2015,543.21248,556.14253,541.5024599999999,555.48252,2311500
GOOG,25/02/2015,535.90245,546.22244,535.44741,543.8724900000001,1826000
GOOG,24/02/2015,530.00242,536.7924,528.25238,536.0924200000001,1005100
GOOG,23/02/2015,536.0524,536.44147,529.4123599999999,531.91238,1457900
GOOG,20/02/2015,543.13248,543.75247,535.80244,538.95244,1444400
GOOG,19/02/2015,538.04241,543.11247,538.01242,542.87243,989100
GOOG,18/02/2015,541.40246,545.49247,537.5124599999999,539.7024200000001,1453100
GOOG,17/02/2015,546.83251,550.0024599999999,541.09247,542.8425,1616800
GOOG,13/02/2015,543.35245,549.91249,543.13248,549.0125,1900300
GOOG,12/02/2015,537.2524,544.8224799999999,534.67539,542.93247,1620200
GOOG,11/02/2015,535.30242,538.4524700000001,533.3804,535.97241,1377800
GOOG,10/02/2015,529.30238,537.7024299999999,526.92238,536.94241,1749900
GOOG,09/02/2015,528.00237,532.0024099999999,526.0223900000001,527.83241,1267800
GOOG,06/02/2015,527.64243,537.20246,526.41237,531.00242,1749400
GOOG,05/02/2015,523.79233,528.50239,522.09236,527.58239,1849800
GOOG,04/02/2015,529.2424,532.67442,521.2723599999999,522.76235,1663700
GOOG,03/02/2015,528.00237,533.40243,523.26238,529.2424,2038700
GOOG,02/02/2015,531.73238,533.0024099999999,518.55232,528.48238,2849800
GOOG,30/01/2015,515.8623200000001,539.87244,515.52234,534.5224400000001,5606400
GOOG,29/01/2015,511.00230999999997,511.09230999999994,501.20227,510.66233,4186400
GOOG,28/01/2015,522.78242,522.99235,510.00232,510.00232,1683800
GOOG,27/01/2015,529.9723700000001,530.7024,518.19238,518.63237,1904000
GOOG,26/01/2015,538.53247,539.0024400000001,529.67241,535.21245,1543700
GOOG,23/01/2015,535.59246,542.17245,533.0024099999999,539.95244,2281700
GOOG,22/01/2015,521.48235,536.33246,519.70238,534.39245,2676900
GOOG,21/01/2015,507.25228,519.2824099999999,506.20230999999995,518.0423099999999,2268700
GOOG,20/01/2015,511.00230999999997,512.50231,506.01828,506.90229000000005,2227900
GOOG,16/01/2015,500.01227,508.1923,500.00227,508.08229000000006,2298300
GOOG,15/01/2015,505.57229,505.68227,497.76227,501.79227000000003,2715800
GOOG,14/01/2015,494.65224000000006,503.23229000000003,493.00223,500.87227,2235700
GOOG,13/01/2015,498.84225999999995,502.9823,492.39225,496.18225,2370500
GOOG,12/01/2015,494.94225,495.97826,487.56220999999994,492.55220999999995,2322400
GOOG,09/01/2015,504.7623,504.92228,494.79224000000005,496.17227,2069400
GOOG,08/01/2015,497.99224000000004,503.4823,491.00221,502.68225,3353600
GOOG,07/01/2015,507.0023,507.24629000000004,499.65225,501.10227000000003,2065100
GOOG,06/01/2015,515.00236,516.17733,501.05227,501.96225999999996,2899900
GOOG,05/01/2015,523.26238,524.33239,513.0623099999999,513.87231,2059800
GOOG,02/01/2015,529.0124,531.2724400000001,524.1023299999999,524.8124,1447600
GOOG,31/12/2014,531.25243,532.6023799999999,525.8023599999999,526.4024,1368200
GOOG,30/12/2014,528.0924,531.15242,527.13237,530.4223900000001,876300
KLAC,02/06/2015,59.53,59.73,59.01,59.35,961200
KLAC,01/06/2015,60.07,60.09,59.41,59.79,1162500
KLAC,29/05/2015,60.06,60.5,59.43,59.66,1682900
KLAC,28/05/2015,59.98,60.73,59.85,60.27,936000
KLAC,27/05/2015,58.33,60.13,58.08,59.98,1373200
KLAC,26/05/2015,58.76,58.88,58.05,58.25,1005600
KLAC,22/05/2015,58.95,59.58,58.83,59.12,854800
KLAC,21/05/2015,59.07,59.24,58.75,59.16,690500
KLAC,20/05/2015,59.05,59.64,58.82,59.08,706500
KLAC,19/05/2015,59.74,60.15,58.88,59.08,1231900
KLAC,18/05/2015,59.85,60.09,59.63,59.73,958900
KLAC,15/05/2015,59.59,60.28,59.38,59.91,1361700
KLAC,14/05/2015,59.11,59.49,58.36,59.35,1460200
KLAC,13/05/2015,58.77,59.48,58.33,58.38,988600
KLAC,12/05/2015,59.03,59.22,57.8,58.231269999999995,1533200
KLAC,11/05/2015,59.67,60.17,59.49,59.1038,1061500
KLAC,08/05/2015,59.19,60.23,59.15,59.292190000000005,1596700
KLAC,07/05/2015,58.39,58.96,58.23,58.36017,736600
KLAC,06/05/2015,58.56,59.12,57.77,57.76526,923800
KLAC,05/05/2015,59.84,60.0,58.46,57.99331,1543100
KLAC,04/05/2015,60.17,60.46,60.1,59.77803,719000
KLAC,01/05/2015,59.11,60.09,58.89,59.579719999999995,984200
KLAC,30/04/2015,59.11,59.58,58.45,58.30068000000001,1478600
KLAC,29/04/2015,59.29,59.85,58.96,58.756769999999996,1773300
KLAC,28/04/2015,59.49,59.94,58.95,59.262440000000005,1136800
KLAC,27/04/2015,58.88,60.8,58.67,58.9749,2973500
KLAC,24/04/2015,59.71,59.86,58.16,58.38991,2964900
KLAC,23/04/2015,59.68,60.27,59.45,59.34176,1752000
KLAC,22/04/2015,59.36,60.5,59.11,59.78794,1282100
KLAC,21/04/2015,59.99,60.34,58.93,58.836090000000006,2072600
KLAC,20/04/2015,58.39,59.04,58.06,58.06272,1208200
KLAC,17/04/2015,58.84,58.89,57.67,57.50747,1771400
KLAC,16/04/2015,59.41,60.09,58.92,58.82618000000001,2134900
KLAC,15/04/2015,59.28,60.58,59.23,59.53015,1720400
KLAC,14/04/2015,58.85,59.6,58.48,58.85592,1484500
KLAC,13/04/2015,59.07,59.67,58.78,58.49898,1189700
KLAC,10/04/2015,58.8,59.13,58.36,58.61796,1196000
KLAC,09/04/2015,58.13,59.05,57.73,58.43949,1588300
KLAC,08/04/2015,57.63,58.25,57.63,57.55705,1004100
KLAC,07/04/2015,58.17,58.43,57.75,57.26951,771600
KLAC,06/04/2015,57.64,58.52,57.21,57.646280000000004,1215500
KLAC,02/04/2015,58.08,58.54,57.1,57.596709999999995,1117500
KLAC,01/04/2015,58.27,58.35,57.21,57.25959,1846300
KLAC,31/03/2015,59.03,59.03,58.19,57.79501,1873600
KLAC,30/03/2015,59.6,59.86,59.07,58.9055,1133700
KLAC,27/03/2015,58.52,59.62,57.95,58.49898,2175300
KLAC,26/03/2015,58.28,59.02,57.49,57.93382,1779500
KLAC,25/03/2015,62.94,62.94,59.19,58.865840000000006,2139300
KLAC,24/03/2015,63.11,63.61,62.94,62.435269999999996,936500
KLAC,23/03/2015,63.36,63.83,63.25,62.73271999999999,1089600
KLAC,20/03/2015,62.66,63.69,62.39,63.00043,1937600
KLAC,19/03/2015,61.89,62.53,61.86,61.70155,1021200
KLAC,18/03/2015,61.25,62.2,60.58,61.26529,1449100
KLAC,17/03/2015,61.43,61.67,61.09,60.85876999999999,809900
KLAC,16/03/2015,61.0,62.03,60.86,61.394180000000006,1064400
KLAC,13/03/2015,60.37,61.06,60.09,60.19446,1078400
KLAC,12/03/2015,60.08,60.47,59.55,59.897009999999995,1168300
KLAC,11/03/2015,60.54,61.02,60.16,59.76811,813000
KLAC,10/03/2015,60.68,61.06,60.09,59.639219999999995,1545500
KLAC,09/03/2015,61.01,61.66,61.01,60.84885,1178200
KLAC,06/03/2015,61.93,62.37,60.96,60.54149,1478400
KLAC,05/03/2015,63.14,63.41,62.15,61.70155,2591700
KLAC,04/03/2015,63.5,63.9,62.83,62.61374,1052800
KLAC,03/03/2015,65.3,65.59,63.85,63.357369999999996,1288000
KLAC,02/03/2015,65.19,66.24,65.19,65.14208,1370500
KLAC,27/02/2015,65.46,65.59,64.85,64.40836999999999,941100
KLAC,26/02/2015,65.9,66.12,65.13,64.9537,775600
KLAC,25/02/2015,66.13,66.66,65.73,65.32055,922100
KLAC,24/02/2015,64.68,66.36,64.48,65.71715999999999,1104800
KLAC,23/02/2015,64.83,64.93,64.36,63.92253,942100
KLAC,20/02/2015,64.55,65.19,64.2,64.41828000000001,995300
KLAC,19/02/2015,63.96,64.99,63.82,64.11092,640100
KLAC,18/02/2015,63.71,64.67,63.63,63.74406,1014000
KLAC,17/02/2015,63.67,64.15,63.5,63.38711,1068700
KLAC,13/02/2015,64.14,64.26,63.55,63.09958,1419900
KLAC,12/02/2015,63.6,63.94,63.04,63.327619999999996,869900
KLAC,11/02/2015,63.95,64.34,63.46,62.92111,890900
KLAC,10/02/2015,62.75,63.88,62.23,62.773540000000004,1269700
KLAC,09/02/2015,62.01,62.5,61.53,61.19953,1788300
KLAC,06/02/2015,63.56,63.96,62.39,61.59304,1656200
KLAC,05/02/2015,63.15,63.38,62.36,62.242309999999996,1298800
KLAC,04/02/2015,63.41,63.85,62.75,62.1341,1512400
KLAC,03/02/2015,62.03,63.54,61.92,62.439069999999994,1482900
KLAC,02/02/2015,61.42,62.1,60.21,60.86505,1434200
KLAC,30/01/2015,62.41,63.4,61.34,60.47155,1631600
KLAC,29/01/2015,62.53,63.57,62.11,62.36036,1281000
KLAC,28/01/2015,64.01,64.44,62.74,61.7406,1700600
KLAC,27/01/2015,63.86,64.18,63.01,62.31118000000001,2535100
KLAC,26/01/2015,64.88,65.7,64.18,64.37706999999999,3084700
KLAC,23/01/2015,66.58,67.5,65.12,64.18030999999999,5466800
KLAC,22/01/2015,69.49,71.13,68.68,69.79757,2274500
KLAC,21/01/2015,68.48,69.93,68.48,68.28259,1250100
KLAC,20/01/2015,68.25,69.06,67.53,67.79071,1515100
KLAC,16/01/2015,66.73,67.99,66.46,66.72825,1399200
KLAC,15/01/2015,67.25,69.09,66.36,65.78384,3301400
KLAC,14/01/2015,65.21,66.24,64.91,64.48528,1789400
KLAC,13/01/2015,67.82,68.49,65.31,64.91813,1473200
KLAC,12/01/2015,69.14,69.32,66.67,66.00026,1532200
KLAC,09/01/2015,69.29,69.55,68.34,68.04648,714000
KLAC,08/01/2015,68.38,69.44,68.18,67.81038000000001,1276100
KLAC,07/01/2015,66.78,67.83,66.51,66.69874,1636600
KLAC,06/01/2015,68.56,68.81,66.51,65.60677,1951500
KLAC,05/01/2015,69.77,70.05,68.68,67.60379,1068300
KLAC,02/01/2015,70.62,71.26,69.81,69.14829,821000
KLAC,31/12/2014,71.61,71.88,70.29,69.1778,992900
KLAC,30/12/2014,71.28,71.76,71.0,70.03367,768800
MSFT,02/06/2015,46.93,47.35,46.62,46.92,21283400
MSFT,01/06/2015,47.06,47.77,46.62,47.23,28592900
MSFT,29/05/2015,47.43,47.57,46.59,46.86,35428100
MSFT,28/05/2015,47.5,48.02,47.39,47.45,19283700
MSFT,27/05/2015,46.82,47.77,46.62,47.61,27335600
MSFT,26/05/2015,46.83,46.88,46.19,46.59,29581900
MSFT,22/05/2015,47.3,47.35,46.82,46.9,25720600
MSFT,21/05/2015,47.28,47.6,47.01,47.42,22410700
MSFT,20/05/2015,47.39,47.93,47.27,47.58,25047900
MSFT,19/05/2015,47.56,47.81,47.18,47.58,28574800
MSFT,18/05/2015,47.98,48.22,47.61,47.7,24136500
MSFT,15/05/2015,48.87,48.91,48.05,47.98813,28642700
MSFT,14/05/2015,48.03,48.82,48.03,48.40542,32980900
MSFT,13/05/2015,48.19,48.32,47.57,47.32246,34184600
MSFT,12/05/2015,46.85,47.68,46.42,47.044259999999994,29928300
MSFT,11/05/2015,47.55,47.91,47.37,47.06413,24609400
MSFT,08/05/2015,47.55,47.98,47.52,47.44168,35364900
MSFT,07/05/2015,46.27,47.09,46.16,46.39846,32971700
MSFT,06/05/2015,47.57,47.77,46.02,45.98117,52433000
MSFT,05/05/2015,47.82,48.16,47.31,47.29265,50369200
MSFT,04/05/2015,48.37,48.87,48.18,47.92852,34039500
MSFT,01/05/2015,48.58,48.88,48.4,48.3458,38937300
MSFT,30/04/2015,48.7,49.54,48.6,48.32593,64725500
MSFT,29/04/2015,48.72,49.31,48.5,48.74322,47804600
MSFT,28/04/2015,47.78,49.21,47.7,48.84258,60730800
MSFT,27/04/2015,47.23,48.13,47.22,47.71987,59248200
MSFT,24/04/2015,45.66,48.14,45.65,47.5609,130933700
MSFT,23/04/2015,42.89,43.61,42.8,43.060159999999996,46309500
MSFT,22/04/2015,42.67,43.13,42.55,42.71242,25064300
MSFT,21/04/2015,43.0,43.15,42.53,42.364670000000004,26013800
MSFT,20/04/2015,41.73,43.17,41.68,42.63293,46057700
MSFT,17/04/2015,41.67,41.74,41.16,41.351259999999996,42387600
MSFT,16/04/2015,41.95,42.34,41.82,41.88777,22509700
MSFT,15/04/2015,41.76,42.46,41.68,41.98713,27343600
MSFT,14/04/2015,41.8,42.03,41.39,41.38107,24244400
MSFT,13/04/2015,41.4,42.06,41.39,41.490359999999995,30276700
MSFT,10/04/2015,41.63,41.95,41.41,41.45062,28022000
MSFT,09/04/2015,41.25,41.62,41.25,41.21216,25723900
MSFT,08/04/2015,41.46,41.69,41.04,41.15255,24753400
MSFT,07/04/2015,41.61,41.91,41.31,41.26184,28809400
MSFT,06/04/2015,40.34,41.78,40.18,41.28171,39223700
MSFT,02/04/2015,40.66,40.74,40.12,40.02985,37487500
MSFT,01/04/2015,40.6,40.76,40.31,40.45707,36865300
MSFT,31/03/2015,40.78,41.03,40.54,40.397459999999995,34887200
MSFT,30/03/2015,41.1,41.54,40.91,40.69552,35049700
MSFT,27/03/2015,41.12,41.43,40.83,40.705459999999995,34401400
MSFT,26/03/2015,41.22,41.61,40.92,40.943909999999995,37495600
MSFT,25/03/2015,42.92,42.93,41.44,41.19229,43469900
MSFT,24/03/2015,42.78,43.17,42.75,42.623000000000005,25513300
MSFT,23/03/2015,42.88,43.13,42.78,42.58325,26246100
MSFT,20/03/2015,42.56,42.98,42.49,42.60313,71904500
MSFT,19/03/2015,42.26,42.59,42.22,42.016940000000005,33879100
MSFT,18/03/2015,41.43,42.83,41.33,42.22558,44194800
MSFT,17/03/2015,41.37,41.83,41.15,41.43075,31673400
MSFT,16/03/2015,41.47,41.64,41.28,41.29165,35273500
MSFT,13/03/2015,40.7,41.47,40.61,41.112809999999996,58007700
MSFT,12/03/2015,41.33,41.65,40.86,40.755140000000004,59992500
MSFT,11/03/2015,42.31,42.37,41.84,41.708940000000005,32215300
MSFT,10/03/2015,42.35,42.71,42.03,41.75861,39159700
MSFT,09/03/2015,42.19,43.13,42.19,42.57332,32108000
MSFT,06/03/2015,43.0,43.11,42.15,42.08648,36248800
MSFT,05/03/2015,43.07,43.24,42.82,42.83164,23193500
MSFT,04/03/2015,43.01,43.21,42.88,42.78196,25748700
MSFT,03/03/2015,43.56,43.83,43.09,43.00054,31748600
MSFT,02/03/2015,43.67,44.19,43.55,43.59667,31924000
MSFT,27/02/2015,44.13,44.2,43.66,43.56686,33807700
MSFT,26/02/2015,43.99,44.23,43.89,43.77551,28957300
MSFT,25/02/2015,43.95,44.09,43.8,43.70596,29759800
MSFT,24/02/2015,44.15,44.3,43.92,43.80531,25271700
MSFT,23/02/2015,43.7,44.19,43.65,43.86493,32518800
MSFT,20/02/2015,43.51,43.88,43.29,43.5768,29721100
MSFT,19/02/2015,43.18,43.53,43.05,43.219120000000004,27603400
MSFT,18/02/2015,43.63,43.7,43.39,43.24893,27111700
MSFT,17/02/2015,43.97,44.0,43.19,43.29861,33695700
MSFT,13/02/2015,43.38,43.87,43.15,43.278729999999996,40264900
MSFT,12/02/2015,42.66,43.09,42.51,42.50925,33268800
MSFT,11/02/2015,42.65,42.65,42.21,41.808820000000004,38262500
MSFT,10/02/2015,42.74,42.77,42.18,42.02585,29670700
MSFT,09/02/2015,42.24,42.74,42.21,41.78909,31381100
MSFT,06/02/2015,42.68,42.79,42.15,41.838409999999996,34311700
MSFT,05/02/2015,42.22,42.64,41.86,41.87787,36548200
MSFT,04/02/2015,41.94,42.21,41.36,41.27609,41614800
MSFT,03/02/2015,41.63,41.93,41.05,41.03933,52082400
MSFT,02/02/2015,40.59,41.37,40.23,40.72364,50352500
MSFT,30/01/2015,41.55,41.58,40.35,39.8555,78004900
MSFT,29/01/2015,40.93,42.12,40.79,41.4438,63585300
MSFT,28/01/2015,42.74,42.79,41.16,40.63485,84507100
MSFT,27/01/2015,42.95,43.2,42.11,42.08504,169164000
MSFT,26/01/2015,47.0,47.13,46.24,46.37641,42525500
MSFT,23/01/2015,47.36,47.39,46.8,46.54412,26211600
MSFT,22/01/2015,46.38,47.14,46.08,46.4948,35898000
MSFT,21/01/2015,45.94,46.14,45.48,45.3011,39081100
MSFT,20/01/2015,46.3,46.65,45.57,45.76477,36161900
MSFT,16/01/2015,45.31,46.28,45.17,45.61679,35695300
MSFT,15/01/2015,46.22,46.38,45.41,44.86703,32742300
MSFT,14/01/2015,45.96,46.24,45.62,45.340559999999996,29719600
MSFT,13/01/2015,46.97,47.91,46.06,45.73518,35270600
MSFT,12/01/2015,47.42,47.54,46.36,45.971940000000004,23651900
MSFT,09/01/2015,47.61,47.82,46.9,46.55399,23942800
MSFT,08/01/2015,46.75,47.75,46.72,46.9486,29645200
MSFT,07/01/2015,45.98,46.46,45.49,45.60693,29114100
MSFT,06/01/2015,46.38,46.75,45.54,45.03475,36447900
MSFT,05/01/2015,46.37,46.73,46.25,45.70558,39673900
MSFT,02/01/2015,46.66,47.42,46.54,46.12978,27913900
MSFT,31/12/2014,46.73,47.44,46.45,45.82396,21552500
MSFT,30/12/2014,47.44,47.62,46.84,46.38628,16384700
TSLA,02/06/2015,248.92,249.39999,246.3,248.35001,2125800
TSLA,01/06/2015,251.41,251.60001,247.47,249.45,2501900
TSLA,29/05/2015,251.0,252.87,249.42999,250.8,3781700
TSLA,28/05/2015,247.03,251.8,245.05,251.45,3642500
TSLA,27/05/2015,248.50999,249.5,245.55,247.42999,3403600
TSLA,26/05/2015,247.67999,252.0,246.5,247.46001,3490400
TSLA,22/05/2015,245.38,248.60001,245.00999,247.73,2216200
TSLA,21/05/2015,243.03,246.62,242.36,245.62,1966000
TSLA,20/05/2015,247.13,247.74001,241.37,244.35001,3745100
TSLA,19/05/2015,248.42999,251.0,246.14999,247.14,3663500
TSLA,18/05/2015,247.0,249.89999,246.0,248.75,3348000
TSLA,15/05/2015,243.92999,249.39999,242.5,248.84,4515100
TSLA,14/05/2015,244.82001,244.89,241.25,244.10001,2844500
TSLA,13/05/2015,247.61,248.3,242.25,243.17999,5396400
TSLA,12/05/2015,240.11,246.35001,238.19,244.74001,6310000
TSLA,11/05/2015,236.28999,242.88,235.31,239.49001,5659200
TSLA,08/05/2015,235.99001,238.41,233.7,236.61,4657900
TSLA,07/05/2015,221.0,237.48,220.25,236.8,9436000
TSLA,06/05/2015,234.10001,234.47,228.2,230.42999,4389100
TSLA,05/05/2015,237.75999,239.5,229.13,232.95,5777000
TSLA,04/05/2015,228.17999,234.73,227.11,230.50999,4425700
TSLA,01/05/2015,229.94,231.77,220.41,226.03,5262200
TSLA,30/04/2015,230.39,232.89,225.17,226.05,3911900
TSLA,29/04/2015,230.05,234.97,227.63,232.45,3936100
TSLA,28/04/2015,234.75,235.5,228.03,230.48,6085400
TSLA,27/04/2015,222.56,238.75,222.0,231.55,11672600
TSLA,24/04/2015,220.5,220.8,218.00999,218.42999,2427800
TSLA,23/04/2015,218.27,221.48,217.14999,218.60001,4411200
TSLA,22/04/2015,212.5,221.88,211.69,219.44,7863000
TSLA,21/04/2015,205.8,210.75,204.31,209.41,3432500
TSLA,20/04/2015,206.78,207.85001,203.85001,205.27,2559300
TSLA,17/04/2015,204.99001,206.88,203.5,206.78999,2469900
TSLA,16/04/2015,207.7,209.17,206.28999,206.7,1659100
TSLA,15/04/2015,207.46001,209.59,206.60001,207.83,1952400
TSLA,14/04/2015,208.57001,209.49001,205.5,207.46001,3026000
TSLA,13/04/2015,210.44,213.0,209.05,209.78,3758200
TSLA,10/04/2015,209.85001,211.64999,209.0,210.89999,4067700
TSLA,09/04/2015,208.42999,210.37,206.12,210.09,3800200
TSLA,08/04/2015,208.2,210.89999,205.87,207.67,6303100
TSLA,07/04/2015,202.50999,205.06,201.14,203.25,4347900
TSLA,06/04/2015,198.0,207.75,197.5,203.10001,12455800
TSLA,02/04/2015,190.23,193.23,190.0,191.0,5010400
TSLA,01/04/2015,188.7,192.3,186.05,187.59,3794600
TSLA,31/03/2015,193.53,193.75999,188.41,188.77,5026600
TSLA,30/03/2015,185.85001,192.25,181.8,190.57001,10089500
TSLA,27/03/2015,189.07001,189.28999,181.39999,185.0,8604900
TSLA,26/03/2015,193.92,194.78999,189.7,190.41,4128000
TSLA,25/03/2015,198.27,198.59,192.7,194.3,5730400
TSLA,24/03/2015,201.58,203.78999,199.75,201.72,3649900
TSLA,23/03/2015,198.5,200.5,197.47,199.63,2631600
TSLA,20/03/2015,197.45,198.99001,195.62,198.08,4269500
TSLA,19/03/2015,202.0,204.59,194.53,195.64999,8475200
TSLA,18/03/2015,194.96001,200.88,193.11,200.71001,4820900
TSLA,17/03/2015,195.42999,198.71001,193.94,194.73,4894100
TSLA,16/03/2015,192.0,195.91,189.8,195.7,5628800
TSLA,13/03/2015,188.95,191.75,187.32001,188.67999,5434300
TSLA,12/03/2015,193.75,194.45,189.75,191.07001,4149300
TSLA,11/03/2015,191.14999,196.17999,191.00999,193.74001,4974900
TSLA,10/03/2015,188.46001,193.5,187.60001,190.32001,5579700
TSLA,09/03/2015,194.39,194.49001,188.25,190.88,6736700
TSLA,06/03/2015,199.21001,200.75,192.14999,193.88,6712400
TSLA,05/03/2015,202.85001,206.19,200.14999,200.63,4877000
TSLA,04/03/2015,199.25,202.52,197.21001,202.44,4222000
TSLA,03/03/2015,196.81,200.24001,195.32001,199.56,4432300
TSLA,02/03/2015,202.7,203.34,195.83,197.33,7922100
TSLA,27/02/2015,206.89999,208.55,202.8,203.34,3882100
TSLA,26/02/2015,204.0,211.09,202.22,207.19,6472900
TSLA,25/02/2015,204.94,207.14,202.58,203.75999,3909500
TSLA,24/02/2015,207.28999,207.28999,201.7,204.11,6603600
TSLA,23/02/2015,215.66,218.2,206.33,207.34,8499800
TSLA,20/02/2015,210.78,217.60001,209.81,217.11,5982100
TSLA,19/02/2015,205.0,212.44,203.75,211.71001,5154100
TSLA,18/02/2015,204.17,206.17,202.60001,204.46001,2713600
TSLA,17/02/2015,205.7,205.7,201.5,204.35001,3979600
TSLA,13/02/2015,202.89999,205.99001,200.91,203.77,6191000
TSLA,12/02/2015,193.57001,203.09,193.28,202.88,15649600
TSLA,11/02/2015,212.21001,214.74001,207.28,212.8,9769100
TSLA,10/02/2015,217.55,220.5,215.0,216.28999,5390500
TSLA,09/02/2015,215.38,217.92999,211.99001,217.48,3472400
TSLA,06/02/2015,222.0,223.39999,216.5,217.36,3233200
TSLA,05/02/2015,219.88,225.48,219.64,220.99001,3522900
TSLA,04/02/2015,218.28999,221.48,216.8,218.55,3305400
TSLA,03/02/2015,213.22,220.37,211.27,218.36,4826200
TSLA,02/02/2015,203.97,211.95,203.3,210.94,4149200
TSLA,30/01/2015,203.96001,207.47,203.0,203.60001,3007000
TSLA,29/01/2015,201.07001,205.98,196.5,205.2,3548100
TSLA,28/01/2015,206.11,206.37,198.42,199.37,3149600
TSLA,27/01/2015,204.42,208.03,203.3,205.98,2781000
TSLA,26/01/2015,201.83,208.62,201.05,206.55,3234500
TSLA,23/01/2015,200.28999,203.5,198.33,201.28999,3438600
TSLA,22/01/2015,197.0,203.24001,195.2,201.62,4116900
TSLA,21/01/2015,189.55,198.67999,189.50999,196.57001,4153000
TSLA,20/01/2015,193.87,194.12,187.03999,191.92999,4503200
TSLA,16/01/2015,190.7,194.49001,189.64999,193.07001,3603200
TSLA,15/01/2015,194.49001,195.75,190.0,191.87,5216500
TSLA,14/01/2015,185.83,195.2,185.0,192.69,11551900
TSLA,13/01/2015,203.32001,207.61,200.91,204.25,4477300
TSLA,12/01/2015,203.05,204.47,199.25,202.21001,5944200
TSLA,09/01/2015,208.92,209.98,204.96001,206.66,4668300
TSLA,08/01/2015,212.81,213.8,210.00999,210.62,3442500
TSLA,07/01/2015,213.35001,214.78,209.78,210.95,2968400
TSLA,06/01/2015,210.06,214.2,204.21001,211.28,6261900
TSLA,05/01/2015,214.55,216.5,207.16,210.09,5368500
TSLA,02/01/2015,222.87,223.25,213.25999,219.31,4764400
TSLA,31/12/2014,223.09,225.67999,222.25,222.41,2402100
TSLA,30/12/2014,223.99001,225.64999,221.39999,222.23,2903200
WDC,02/06/2015,96.99,97.3,96.52,96.95,1027000
WDC,01/06/2015,97.6,97.85,96.39,97.13,1431500
WDC,29/05/2015,98.87,98.94,96.63,97.36,2970300
WDC,28/05/2015,97.57,99.76,97.48,99.23,3930900
WDC,27/05/2015,93.7,94.66,93.14,94.37,1340400
WDC,26/05/2015,95.24,96.0,92.51,93.2,1977500
WDC,22/05/2015,95.06,95.79,95.0,95.23,882800
WDC,21/05/2015,95.1,95.67,94.38,95.25,978000
WDC,20/05/2015,95.78,96.11,94.71,94.83,1372700
WDC,19/05/2015,97.78,97.84,94.79,95.59,2700400
WDC,18/05/2015,97.21,98.4,97.17,97.87,1102000
WDC,15/05/2015,98.62,98.65,97.32,97.67,2179000
WDC,14/05/2015,96.95,98.45,96.33,98.41,1288700
WDC,13/05/2015,96.4,97.21,95.8,95.96,1403500
WDC,12/05/2015,95.48,96.37,94.89,95.96,1531800
WDC,11/05/2015,96.74,97.91,95.85,96.05,1178100
WDC,08/05/2015,95.9,96.84,95.76,96.53,1153900
WDC,07/05/2015,94.45,95.7,94.05,94.84,1536900
WDC,06/05/2015,96.92,97.37,94.05,94.87,2456500
WDC,05/05/2015,98.87,99.24,96.43,96.79,2156600
WDC,04/05/2015,99.38,99.93,98.49,99.51,1953300
WDC,01/05/2015,98.11,99.91,97.84,99.33,2458800
WDC,30/04/2015,95.62,97.96,95.62,97.74,3637200
WDC,29/04/2015,94.43,96.95,93.84,95.83,4589600
WDC,28/04/2015,98.46,98.61,96.8,97.9,2479100
WDC,27/04/2015,99.56,99.93,98.24,98.9,1476000
WDC,24/04/2015,100.54,100.69,99.08,99.75,962200
WDC,23/04/2015,99.96,100.88,99.23,100.27,1178200
WDC,22/04/2015,99.82,100.46,99.04,100.31,1273800
WDC,21/04/2015,101.33,102.07,98.75,99.68,1930800
WDC,20/04/2015,99.43,102.07,99.43,101.58,2576200
WDC,17/04/2015,97.55,100.29,97.53,99.44,2987000
WDC,16/04/2015,97.88,98.62,97.37,97.83,2435400
WDC,15/04/2015,97.3,99.54,97.3,99.04,2538500
WDC,14/04/2015,96.62,96.97,95.25,96.16,1659600
WDC,13/04/2015,97.13,97.13,95.45,95.5,1771200
WDC,10/04/2015,94.63,96.49,94.45,95.89,2115300
WDC,09/04/2015,93.49,94.62,93.05,94.02,2041100
WDC,08/04/2015,94.42,94.6,93.48,93.91,2045600
WDC,07/04/2015,93.39,94.83,93.2,94.11,2018700
WDC,06/04/2015,92.16,93.55,91.83,93.19,1714700
WDC,02/04/2015,91.79,93.31,91.7,93.0,2081200
WDC,01/04/2015,90.56,92.36,89.82,92.35,2851900
WDC,31/03/2015,91.93,92.06,90.28,91.01,2408900
WDC,30/03/2015,93.33,93.59,92.13,92.43,1787300
WDC,27/03/2015,94.26,94.4,92.37,92.23108,2014400
WDC,26/03/2015,92.74,94.58,91.61,93.13618000000001,3546000
WDC,25/03/2015,98.54,98.54,94.59,94.11091,2150600
WDC,24/03/2015,99.44,100.08,97.56,97.41305,1759600
WDC,23/03/2015,100.39,101.36,99.51,99.1039,1784900
WDC,20/03/2015,100.07,101.08,99.09,99.8996,2417900
WDC,19/03/2015,98.34,99.62,98.16,98.76573,1942300
WDC,18/03/2015,97.64,98.49,96.17,97.35336,2572000
WDC,17/03/2015,97.53,98.17,96.23,96.10015,1500000
WDC,16/03/2015,97.96,99.41,97.59,97.67164,1516200
WDC,13/03/2015,98.18,98.56,96.08,96.66708,2210300
WDC,12/03/2015,95.35,98.82,95.07,98.02971,2943700
WDC,11/03/2015,98.85,99.03,96.37,97.36331,3293200
WDC,10/03/2015,101.42,102.12,99.38,98.85524000000001,2378600
WDC,09/03/2015,102.68,103.25,101.75,102.02808,1682300
WDC,06/03/2015,104.67,105.49,102.23,101.97835,1509800
WDC,05/03/2015,105.68,105.68,104.65,104.81300999999999,881700
WDC,04/03/2015,104.61,105.53,103.35,104.79312,1649500
WDC,03/03/2015,108.17,108.55,104.81,105.00198999999999,1791500
WDC,02/03/2015,107.42,110.0,106.64,108.19471999999999,1821100
WDC,27/02/2015,107.42,107.99,106.62,106.40441000000001,1623800
WDC,26/02/2015,106.75,108.48,106.22,106.76247,2215400
WDC,25/02/2015,108.25,108.25,105.77,105.57887,2352100
WDC,24/02/2015,110.6,110.83,107.98,108.3837,1651500
WDC,23/02/2015,111.65,111.84,110.22,110.49229,1760200
WDC,20/02/2015,109.71,111.53,108.17,110.71111,2268100
WDC,19/02/2015,109.18,109.88,108.73,109.24901000000001,2792100
WDC,18/02/2015,106.83,109.05,105.13,108.41354,2778100
WDC,17/02/2015,105.5,107.23,105.5,106.19553,1302800
WDC,13/02/2015,107.96,108.86,107.05,107.03102,1246800
WDC,12/02/2015,106.4,107.91,106.11,106.61328,1718200
WDC,11/02/2015,104.0,106.21,103.73,105.51919,1872600
WDC,10/02/2015,103.18,104.13,101.64,103.52001,1301000
WDC,09/02/2015,103.23,103.53,102.27,102.04796999999999,963600
WDC,06/02/2015,104.25,106.16,103.12,102.84366999999999,1736500
WDC,05/02/2015,103.85,104.92,103.21,103.54985,1603100
WDC,04/02/2015,100.69,105.24,100.65,103.48021999999999,4537800
WDC,03/02/2015,98.46,100.75,97.39,100.14825,2227000
WDC,02/02/2015,97.26,98.5,95.54,97.89046,2317800
WDC,30/01/2015,99.87,101.04,96.96,96.70687,2381000
WDC,29/01/2015,100.25,101.51,98.82,100.51626,2533700
WDC,28/01/2015,104.23,104.95,99.64,99.29288000000001,5081900
WDC,27/01/2015,99.09,100.1,97.23,97.10471,3305000
WDC,26/01/2015,101.47,101.99,96.7,100.43669,5789500
WDC,23/01/2015,105.3,107.04,105.26,105.52913999999998,2250200
WDC,22/01/2015,106.54,106.68,104.44,104.7235,3319400
WDC,21/01/2015,106.05,107.29,105.7,106.05628999999999,1037900
WDC,20/01/2015,107.14,107.14,105.2,106.0165,1401400
WDC,16/01/2015,104.6,106.58,103.11,105.79768999999999,1877000
WDC,15/01/2015,109.28,109.39,104.66,104.13667,2172700
WDC,14/01/2015,109.31,109.67,107.57,108.18477,1330900
WDC,13/01/2015,111.0,112.57,108.74,108.79149,1603600
WDC,12/01/2015,111.45,111.78,109.69,109.72643000000001,1516400
WDC,09/01/2015,110.94,113.88,110.72,111.61621000000001,2189400
WDC,08/01/2015,109.24,111.44,109.24,109.78611000000001,2533100
WDC,07/01/2015,107.51,108.45,106.32,107.55816000000002,1552700
WDC,06/01/2015,108.39,109.34,106.13,105.96677,2014900
WDC,05/01/2015,110.22,111.23,108.56,108.3837,1662700
WDC,02/01/2015,111.8,111.92,109.26,109.83583999999999,966400
WDC,31/12/2014,112.17,112.28,110.61,110.10439,1090400
WDC,30/12/2014,112.26,112.82,111.8,111.70573,1457900
YHOO,02/06/2015,43.18,43.62,42.92,43.15,8863900
YHOO,01/06/2015,43.05,43.63,42.91,43.35,11150700
YHOO,29/05/2015,43.45,43.59,42.81,42.94,10901500
YHOO,28/05/2015,43.06,43.42,42.93,43.07,10988400
YHOO,27/05/2015,42.6,43.44,42.28,43.38,13671900
YHOO,26/05/2015,43.41,43.5,42.58,42.85,12776200
YHOO,22/05/2015,43.58,44.0,43.47,43.49,10271700
YHOO,21/05/2015,43.06,43.87,43.05,43.68,30372300
YHOO,20/05/2015,42.28,43.04,42.16,42.79,54383700
YHOO,19/05/2015,44.38,44.66,39.12,40.98,41283000
YHOO,18/05/2015,44.52,44.57,44.04,44.36,8278800
YHOO,15/05/2015,45.0,45.07,44.69,44.75,7751900
YHOO,14/05/2015,44.53,44.99,44.45,44.95,10098100
YHOO,13/05/2015,44.03,44.67,43.98,44.4,10982100
YHOO,12/05/2015,44.3,44.31,43.69,43.84,14226300
YHOO,11/05/2015,43.82,44.14,43.59,43.6,11502600
YHOO,08/05/2015,44.34,44.55,44.0,44.09,15699400
YHOO,07/05/2015,44.93,44.98,43.55,43.87,28194200
YHOO,06/05/2015,41.31,41.73,41.21,41.66,13921000
YHOO,05/05/2015,41.86,42.0,40.81,41.3,19278500
YHOO,04/05/2015,42.5,42.55,41.83,42.04,14455200
YHOO,01/05/2015,42.55,42.68,42.09,42.51,10457300
YHOO,30/04/2015,43.12,43.31,42.26,42.57,14257900
YHOO,29/04/2015,43.88,44.05,43.09,43.28,12712600
YHOO,28/04/2015,44.34,44.57,43.94,44.34,7197100
YHOO,27/04/2015,44.65,45.1,44.25,44.36,10855400
YHOO,24/04/2015,43.73,44.71,43.69,44.52,11281100
YHOO,23/04/2015,43.92,44.06,43.58,43.7,14298900
YHOO,22/04/2015,44.58,44.85,43.67,43.98,32284300
YHOO,21/04/2015,45.15,45.18,44.45,44.49,18617900
YHOO,20/04/2015,44.73,44.91,44.41,44.66,10228700
YHOO,17/04/2015,45.3,45.44,44.25,44.45,13591600
YHOO,16/04/2015,45.82,46.13,45.53,45.78,13833100
YHOO,15/04/2015,45.46,45.83,45.23,45.73,15039600
YHOO,14/04/2015,44.82,45.64,44.79,45.53,12365800
YHOO,13/04/2015,45.25,45.59,44.72,44.77,8837300
YHOO,10/04/2015,45.79,45.79,45.0,45.18,8436400
YHOO,09/04/2015,45.7,46.17,45.16,45.63,13678000
YHOO,08/04/2015,43.86,45.19,43.8,45.17,16071000
YHOO,07/04/2015,43.79,44.22,43.56,43.61,11382000
YHOO,06/04/2015,43.82,44.03,43.61,43.67,10717000
YHOO,02/04/2015,44.24,44.36,43.68,44.15,12229400
YHOO,01/04/2015,44.45,44.6,43.95,44.13,14722300
YHOO,31/03/2015,44.82,45.2,44.42,44.44,10415500
YHOO,30/03/2015,45.36,45.42,44.82,44.95,8884300
YHOO,27/03/2015,45.2,45.67,45.01,45.1,20563500
YHOO,26/03/2015,43.78,44.67,43.68,44.47,16162900
YHOO,25/03/2015,44.59,44.93,44.13,44.2,14036900
YHOO,24/03/2015,44.64,44.78,44.28,44.42,7559100
YHOO,23/03/2015,45.25,45.54,44.71,44.72,8268800
YHOO,20/03/2015,45.37,45.58,44.91,45.04,14194200
YHOO,19/03/2015,44.9,45.45,44.81,44.98,14758000
YHOO,18/03/2015,43.58,44.71,43.43,44.67,18919900
YHOO,17/03/2015,43.54,44.16,43.46,43.79,9656200
YHOO,16/03/2015,42.93,43.88,42.75,43.51,11376400
YHOO,13/03/2015,42.84,42.98,42.44,42.87,9087000
YHOO,12/03/2015,42.7,43.36,42.58,42.95,8384800
YHOO,11/03/2015,42.77,42.99,42.36,42.5,10007300
YHOO,10/03/2015,42.57,42.92,42.18,42.68,10600700
YHOO,09/03/2015,43.6,43.93,42.67,42.98,11801900
YHOO,06/03/2015,43.98,44.24,43.4,43.44,11888000
YHOO,05/03/2015,44.18,44.31,43.5,44.16,11867700
YHOO,04/03/2015,42.08,44.38,41.97,43.99,30098500
YHOO,03/03/2015,43.7,43.95,42.42,42.62,22392400
YHOO,02/03/2015,44.06,44.43,43.7,44.11,11027300
YHOO,27/02/2015,44.38,44.57,44.05,44.28,10044200
YHOO,26/02/2015,44.6,44.76,44.26,44.45,9223800
YHOO,25/02/2015,43.21,44.72,43.21,44.43,17922900
YHOO,24/02/2015,43.45,43.52,42.91,43.38,9797500
YHOO,23/02/2015,43.99,43.99,43.42,43.53,12129100
YHOO,20/02/2015,44.3,44.36,43.76,44.11,12036200
YHOO,19/02/2015,43.65,44.42,43.5,44.37,13301000
YHOO,18/02/2015,43.56,43.82,43.3,43.65,10410700
YHOO,17/02/2015,44.37,44.54,43.35,43.53,12798400
YHOO,13/02/2015,44.12,44.59,44.0,44.42,13785800
YHOO,12/02/2015,43.07,44.16,42.86,43.93,18158200
YHOO,11/02/2015,43.18,43.26,42.76,42.96,9791100
YHOO,10/02/2015,42.9,43.18,42.66,43.07,12160800
YHOO,09/02/2015,42.61,43.15,42.54,42.57,15507600
YHOO,06/02/2015,43.57,43.66,42.67,42.94,16005100
YHOO,05/02/2015,44.08,44.26,43.03,43.55,18414500
YHOO,04/02/2015,44.8,44.98,43.88,44.05,16281400
YHOO,03/02/2015,45.1,45.25,44.38,44.7,16985900
YHOO,02/02/2015,44.43,44.76,43.88,44.69,20305700
YHOO,30/01/2015,43.75,44.85,43.51,43.99,36033600
YHOO,29/01/2015,43.56,43.8,41.8,43.73,74370100
YHOO,28/01/2015,49.8,50.32,46.3,46.46,84839700
YHOO,27/01/2015,49.14,49.28,47.66,47.99,45777200
YHOO,26/01/2015,49.57,49.79,49.07,49.44,18976400
YHOO,23/01/2015,48.74,49.23,48.63,48.95,14294300
YHOO,22/01/2015,48.43,49.08,48.01,48.89,12647400
YHOO,21/01/2015,47.6,48.38,47.32,48.18,16305100
YHOO,20/01/2015,46.79,47.89,46.77,47.63,15845900
YHOO,16/01/2015,46.06,46.59,45.85,46.47,14681800
YHOO,15/01/2015,47.54,47.75,46.2,46.23,17126000
YHOO,14/01/2015,47.7,48.09,47.07,47.51,15911600
YHOO,13/01/2015,49.15,49.48,47.4,48.3,21605200
YHOO,12/01/2015,49.92,49.93,48.56,48.8,10170700
YHOO,09/01/2015,50.28,50.41,49.62,49.72,7462800
YHOO,08/01/2015,48.99,50.23,48.72,50.23,14704800
YHOO,07/01/2015,49.62,49.64,48.51,48.59,11788000
YHOO,06/01/2015,49.2,49.88,48.33,49.21,16204300
YHOO,05/01/2015,49.71,49.88,48.91,49.13,14389300
YHOO,02/01/2015,50.66,50.78,49.47,50.17,11924500
YHOO,31/12/2014,51.54,51.68,50.46,50.51,9305000
YHOO,30/12/2014,50.35,51.27,50.35,51.22,10703500
